ids,name_repo,stargazers,watchers,forks,tama√±o_kb,issues,network_size
60278909,https://github.com/olahol/reactpack,995,15,37,117,4,37
91426988,https://github.com/mariusandra/insights,1000,28,58,5482,70,58
2871358,https://github.com/iloire/watchmen,947,65,206,7715,34,206
41331693,https://github.com/alexkuz/react-json-tree,991,14,121,566,34,121
22023776,https://github.com/lightning-viz/lightning,960,57,115,21506,23,115
24573940,https://github.com/venmo/VENTouchLock,977,60,124,3477,18,124
74663841,https://github.com/Boostport/kubernetes-vault,956,34,135,376,0,135
47790569,https://github.com/matmartinez/MMNumberKeyboard,959,22,111,2014,3,111
98581652,https://github.com/zackthoutt/got-book-6,973,73,142,49,6,142
2757513,https://github.com/wesnolte/jOrgChart,976,105,689,322,56,689
12398689,https://github.com/tschaub/grunt-newer,956,19,61,116,41,61
12547190,https://github.com/travist/makemeasandwich.js,964,20,65,276,11,65
33272115,https://github.com/FabrizioBrancati/BFKit-Swift,991,24,109,25468,1,109
15628859,https://github.com/ninjinkun/NJKScrollFullScreen,952,41,97,7514,10,97
35056138,https://github.com/afollestad/material-cab,996,27,102,5063,5,102
51301474,https://github.com/DroidsOnRoids/RxSwiftExamples,962,66,150,166,3,150
19497487,https://github.com/mikeMTOL/UIBarButtonItem-Badge,953,23,169,136,24,169
2784030,https://github.com/claviska/jquery-minicolors,953,52,323,1385,26,323
2949173,https://github.com/bploetz/versionist,959,18,53,226,8,53
853525,https://github.com/danlucraft/redcar,1000,39,147,45354,21,147
12620058,https://github.com/pronebird/UIScrollView-InfiniteScroll,989,29,145,6176,19,145
51696050,https://github.com/liuzhiyi1992/ZYThumbnailTableView,948,26,111,373,8,111
70248705,https://github.com/vue-play/vue-play,976,33,50,2062,32,50
16545099,https://github.com/redwarp/9-Patch-Resizer,993,51,169,540,0,169
1954275,https://github.com/SublimeText/CTags,997,78,174,675,71,174
5995904,https://github.com/ndbroadbent/turbo-sprockets-rails3,977,23,76,563,41,76
7902338,https://github.com/cowboy/jquery-tiny-pubsub,959,51,221,399,11,221
15601851,https://github.com/js-data/js-data-angular,985,31,84,2398,9,84
124897660,https://github.com/heruijun/flutter_boss,966,35,251,6132,12,251
18298037,https://github.com/yeoman/yeoman-app,987,44,110,3505,19,110
66329671,https://github.com/koush/electron-chrome,973,53,67,935,30,67
17741480,https://github.com/madebysource/pho-devstack,967,30,60,129,21,60
27152891,https://github.com/fastlane-old/sigh,966,27,89,1328,0,89
2789887,https://github.com/hayaku/hayaku,971,36,44,737,110,44
81784787,https://github.com/Metnew/suicrux,951,35,147,13630,168,147
7298651,https://github.com/defunctzombie/zuul,969,20,103,1666,55,103
19755450,https://github.com/joewalnes/filtrex,1007,36,80,179,15,80
73098730,https://github.com/ennioma/arek,953,18,60,5248,7,60
8148085,https://github.com/mindsnacks/MSWeakTimer,974,36,114,52,12,114
5075922,https://github.com/appdotnet/api-spec,961,142,108,17404,102,108
340490,https://github.com/ole/OBShapedButton,951,47,150,226,0,150
14225208,https://github.com/aspnet/dnx,982,202,233,21498,0,233
39492019,https://github.com/nordnet/cordova-hot-code-push,983,53,457,916,1,457
29588481,https://github.com/marmelab/restful.js,974,30,83,590,23,83
19875012,https://github.com/sindresorhus/gulp-app,968,23,47,710,0,47
31352344,https://github.com/KittenYang/KYCuteView,982,36,194,6074,5,194
1115977,https://github.com/scribu/wp-posts-to-posts,949,74,253,4162,168,253
88246067,https://github.com/wirecube/android_additive_animations,990,26,72,45132,1,72
14275875,https://github.com/jpardogo/ListBuddies,972,69,301,9772,8,301
5407995,https://github.com/oortcloud/unofficial-meteor-faq,962,98,98,705,21,98
11150359,https://github.com/alexdrone/ios-realtimeblur,962,46,112,617,10,112
34791654,https://github.com/evermeer/EVReflection,963,30,122,265048,21,122
20606214,https://github.com/smileyborg/TableViewCellWithAutoLayoutiOS8,995,37,143,248,18,143
52108209,https://github.com/fluffgfx/jolteon,965,22,40,14,3,40
41123962,https://github.com/mwolfson/android-historian,960,47,162,90365,0,162
41531229,https://github.com/ColorfulCat/AndroidGuide,953,65,239,129,3,239
3633434,https://github.com/Sutto/rocket_pants,984,26,135,1050,36,135
13141925,https://github.com/kevinburke/doony,979,38,120,933,29,120
62730704,https://github.com/ShamylZakariya/FlyoutMenus,995,17,93,8657,2,93
7321480,https://github.com/lucasr/smoothie,993,78,167,867,10,167
121050,https://github.com/jquery/testswarm,967,43,162,6001,5,162
42875798,https://github.com/jupyter-attic/dashboards,988,78,210,10338,32,210
1127929,https://github.com/ioerror/duraconf,968,92,102,1322,37,102
15448418,https://github.com/sailing-pmls/bosen,963,173,290,58466,8,290
49977774,https://github.com/wangshengjia/LeeGo,975,22,49,3066,20,49
374257,https://github.com/binarymatt/pyres,958,41,136,1379,27,136
4184416,https://github.com/bwsewell/tablecloth,997,80,130,242,10,130
6295793,https://github.com/dboissier/mongo4idea,976,44,107,46891,76,107
4394729,https://github.com/guybedford/require-css,984,56,371,355,52,371
11104805,https://github.com/JasonMortonNZ/bs3-sublime-plugin,994,77,284,174,12,284
76254293,https://github.com/kangzubin/XMNetworking,980,30,168,3293,31,168
46328956,https://github.com/cloudera/livy,980,91,320,2312,22,320
2726867,https://github.com/DataTables/VisualEvent,985,56,162,207,29,162
4262647,https://github.com/rnapier/RNCachingURLProtocol,946,49,204,44,13,204
18017290,https://github.com/joeblau/COSTouchVisualizer,953,34,71,2756,9,71
47076719,https://github.com/brave/muon,977,74,110,42246,115,110
28390985,https://github.com/seven456/MultiChannelPackageTool,995,50,233,363,4,233
60911140,https://github.com/bravoborja/FocusResize,971,27,121,19752,4,121
19596415,https://github.com/deaghean/omnifocus-perspective-icons,972,81,47,58808,0,47
17005597,https://github.com/parkerbennett/stackicons,973,34,123,1926,14,123
20460946,https://github.com/strongloop/strong-pm,972,73,74,1056,2,74
6063617,https://github.com/wildabeast/BarcodeScanner,969,77,784,5135,194,784
2800111,https://github.com/MoonScript/jQuery-ajaxTransport-XDomainRequest,956,46,328,406,12,328
34740196,https://github.com/auth0-blog/angular2-authentication-sample,977,122,351,290,29,351
247166776,https://github.com/sagarkarira/coronavirus-tracker-cli,964,23,86,2443,42,86
52744947,https://github.com/chinchang/superplaceholder.js,986,24,122,282,10,122
9197504,https://github.com/mdinacci/MDRadialProgress,953,22,165,572,8,165
13153048,https://github.com/chloerei/writings,952,88,319,4728,2,319
15266592,https://github.com/ben-eb/gulp-uncss,963,19,44,39,3,44
94161536,https://github.com/zhanziyang/vue-croppa,957,14,128,11961,94,128
34714186,https://github.com/CharlinFeng/CoreLock,985,46,261,658,18,261
52204790,https://github.com/membership/membership.db,991,42,94,21,4,94
3589061,https://github.com/c9/architect,965,64,139,171,31,139
38514056,https://github.com/msurguy/background-blur,979,37,139,272074,6,139
13275923,https://github.com/YoSmudge/dnsyo,948,50,106,380,7,106
1230508,https://github.com/Sage/streamlinejs,964,40,58,7014,31,58
29753546,https://github.com/omadahealth/SwipyRefreshLayout,966,48,222,344,13,222
14037019,https://github.com/JonAbrams/synth,983,76,70,2511,13,70
48874750,https://github.com/kadirahq/mantra,989,87,57,259,81,57
2101682,https://github.com/andreasgal/B2G,915,72,173,9061,80,173
70648181,https://github.com/Freelander/Elephant,934,30,182,4617,8,182
20994449,https://github.com/tcnksm/gcli,918,25,79,5460,19,79
30719010,https://github.com/gherkins/regexpbuilderphp,906,42,42,168,0,42
7491726,https://github.com/airbnb/nerve,932,300,152,391,13,152
5850831,https://github.com/acolangelo/jPanelMenu,929,85,197,2672,30,197
1787757,https://github.com/spmjs/spm,909,118,190,15286,32,190
3806814,https://github.com/d0ugal/locache,937,14,61,660,3,61
846444,https://github.com/Blosc/bcolz,942,60,138,3627,133,138
70772980,https://github.com/prograhammer/vue-pizza,946,46,244,858,11,244
9028031,https://github.com/Tangdixi/DCPathButton,911,36,159,1246,10,159
24851356,https://github.com/zmmbreeze/lining.js,917,30,68,1014,4,68
45752,https://github.com/pure/pure,915,40,95,2021,3,95
145196789,https://github.com/runvnc/dadsresume,908,4,12,6818,1,12
9064511,https://github.com/TomThorpe/UIScrollSlidingPages,921,52,148,4432,12,148
79793178,https://github.com/roxma/nvim-completion-manager,940,32,50,558,32,50
5366673,https://github.com/l20n/l20n.js,916,29,78,5083,9,78
13726615,https://github.com/christianroman/CRGradientNavigationBar,924,27,117,363,13,117
76095881,https://github.com/czy1121/settingscompat,949,31,154,334,13,154
21071034,https://github.com/alexeyxo/protobuf-swift,930,40,139,27153,29,139
78289,https://github.com/fizx/parsley,915,35,40,7373,5,40
7561627,https://github.com/autresphere/ASMediaFocusManager,908,40,157,9481,13,157
23735390,https://github.com/cundong/ZhihuPaper,938,75,421,15952,4,421
1115977,https://github.com/scribu/wp-posts-to-posts,949,74,253,4162,168,253
44956195,https://github.com/dsxNiubility/Wonderful,924,32,217,5705,18,217
17639457,https://github.com/bitwalker/exrm,925,33,118,3956,0,118
2444194,https://github.com/makeable/Notificon,937,13,44,17,6,44
8144887,https://github.com/Netflix/aminator,929,438,176,864,25,176
8742601,https://github.com/erichard/SublimePHPCompanion,915,22,121,161,13,121
9119163,https://github.com/emilsjolander/android-FlipView,923,40,280,1337,54,280
2927635,https://github.com/ccoenraets/backbone-cellar,919,67,377,2164,8,377
70079263,https://github.com/cviebrock/sequel-pro-laravel-export,933,22,53,220,2,53
49714129,https://github.com/matryer/silk,928,24,67,907,10,67
4716126,https://github.com/at-import/toolkit,914,59,74,1159,14,74
64073749,https://github.com/githubwing/MVPHelper,944,25,153,3889,5,153
6393199,https://github.com/rebar/rebar,940,71,297,2819,2,297
7206131,https://github.com/mailgun/mailgun-js-boland,905,17,126,1390,47,126
299107,https://github.com/Pixen/Pixen,933,45,133,20722,0,133
6872931,https://github.com/jakiestfu/Blur.js,938,36,219,351,37,219
126104193,https://github.com/filiph/state_experiments,916,28,140,285,5,140
2674127,https://github.com/ql-io/ql.io,937,56,115,9194,55,115
21139951,https://github.com/izqui/Taylor,929,52,82,19323,12,82
8085282,https://github.com/mysterioustrousers/MTMigration,931,35,55,68,11,55
10643641,https://github.com/mindreframer/golang-stuff,939,59,96,41769,2,96
49292670,https://github.com/operable/cog,917,29,74,4691,61,74
3310124,https://github.com/stolksdorf/Parallaxjs,942,60,222,335,8,222
30509625,https://github.com/cloverfield-tools/universal-react-boilerplate,909,34,107,543,18,107
7361556,https://github.com/dylang/grunt-notify,930,20,73,1966,54,73
7223566,https://github.com/thlorenz/browserify-shim,934,16,89,377,8,89
98859345,https://github.com/alibaba/funcraft,922,27,142,21391,165,142
9678772,https://github.com/mothran/bunny,927,73,43,360,6,43
1552601,https://github.com/crashub/crash,915,74,174,20678,9,174
7883071,https://github.com/joeldbirch/superfish,915,74,331,354,27,331
15487422,https://github.com/sdiehl/kaleidoscope,943,40,128,531,9,128
7622340,https://github.com/chrisbanes/photup,946,73,335,37229,3,335
2417218,https://github.com/openpaperwork/pyocr,928,43,156,2450,18,156
45064427,https://github.com/microsoft/Mobius,929,156,216,6829,72,216
39415808,https://github.com/mugli/learning-graphql,921,31,114,126,7,114
6322277,https://github.com/Incenteev/ParameterHandler,917,17,103,67,34,103
74694970,https://github.com/codecasts/spa-starter-kit,919,76,145,1136,23,145
4786978,https://github.com/filamentgroup/responsive-carousel,909,91,139,955,42,139
94198277,https://github.com/bear63/sceneReco,939,59,382,2216,33,382
4932591,https://github.com/bdarnell/plop,924,39,71,281,3,71
2963398,https://github.com/addyosmani/getUserMedia.js,912,56,169,582,43,169
84887015,https://github.com/reswitched/pegaswitch,932,103,128,1532,27,128
80832975,https://github.com/jaychang0917/SimpleRecyclerView,946,18,105,163241,15,105
81933392,https://github.com/sls-admin/sls-admin-vue,916,72,274,16319,0,274
35793541,https://github.com/tianzhijiexian/CommonAdapter,912,34,192,782,3,192
80809072,https://github.com/GcsSloop/diycode,917,36,196,1519,12,196
11291042,https://github.com/soffes/RateLimit,923,12,59,123,7,59
7614190,https://github.com/juliangruber/review,913,24,47,131,7,47
3325000,https://github.com/vvo/lazyload,942,37,155,5562,11,155
39010428,https://github.com/Jude95/RollViewPager,916,32,265,541,35,265
44889801,https://github.com/diracdeltas/sniffly,936,57,119,12867,2,119
57375687,https://github.com/crosswall/Android-Coverflow,922,36,174,2348,39,174
354843,https://github.com/plentz/jquery-maskmoney,928,53,504,264,87,504
92663941,https://github.com/symfony/lts,933,11,7,8,0,7
1959064,https://github.com/PaulGuo/Juicer,907,74,271,695,85,271
32497144,https://github.com/ChenYilong/CYLTableViewPlaceHolder,910,28,176,20133,10,176
62104351,https://github.com/w1123440793/VideoListDemo,917,40,198,12140,9,198
83376541,https://github.com/wangfupeng1988/js-async-tutorial,950,47,174,59,8,174
44099607,https://github.com/dvcrn/markright,906,24,58,2002,24,58
1657877,https://github.com/gregsexton/gitv,939,23,62,1408,19,62
4043313,https://github.com/twitter/innovators-patent-agreement,912,175,128,196,22,128
10501736,https://github.com/yeoman/generator-mobile,920,48,105,34295,11,105
51004037,https://github.com/elliottminns/blackfire,917,32,45,614,4,45
48789456,https://github.com/ppoffice/Hozz,927,60,143,3043,13,143
310309,https://github.com/adamn/python-webkit2png,927,45,212,339,20,212
71330583,https://github.com/edopelawi/CascadingTableDelegate,926,18,50,1787,3,50
47773787,https://github.com/louketo/louketo-proxy,942,39,324,3054,104,324
30078261,https://github.com/yahoo/webseclab,918,63,67,173,0,67
1411404,https://github.com/nature-of-code/The-Nature-of-Code-archive,915,93,152,1148113,0,152
81105471,https://github.com/shinyscorpion/wobserver,918,35,78,293,11,78
1235616,https://github.com/berinhard/model_mommy,921,26,151,1006,0,151
363729,https://github.com/mttkay/droid-fu,917,48,250,1723,42,250
42568292,https://github.com/taskrabbit/ReactNativeSampleApp,916,70,318,458,10,318
11635422,https://github.com/yeoman/generator-polymer,933,73,161,779,14,161
12931951,https://github.com/problame/CSNotificationView,911,29,154,870,22,154
1029604,https://github.com/substance/substance-legacy,945,37,76,19199,23,76
20619077,https://github.com/matrixxun/PullToZoomInListView,892,49,268,15521,1,268
66556494,https://github.com/mariohahn/StatusProvider,888,22,46,371,5,46
21001804,https://github.com/fxpio/composer-asset-plugin,899,60,160,938,14,160
27543298,https://github.com/phalt/swapi,875,30,450,205,68,450
1381807,https://github.com/oampo/Audiolet,887,47,124,3515,25,124
17818902,https://github.com/jordwalke/VimBox,903,18,68,30104,35,68
74838381,https://github.com/sangupta/ps,896,51,48,269,0,48
109723102,https://github.com/oracle/mysql-operator,876,65,247,44828,98,247
1868427,https://github.com/jfahrenkrug/WWDC-Downloader,899,39,78,36,0,78
4572835,https://github.com/schani/clojurec,896,75,58,1198,5,58
57289216,https://github.com/joshuaclayton/unused,874,19,26,272,1,26
23764742,https://github.com/emmaguy/clean-status-bar,893,28,87,9082,18,87
7266306,https://github.com/LinkedInAttic/camus,882,146,474,46434,3,474
8029862,https://github.com/feross/filldisk.com,891,38,104,5118,0,104
2115837,https://github.com/tj/reds,892,31,131,84,9,131
10839463,https://github.com/smanikandan14/Volley-demo,895,100,432,1996,4,432
57972486,https://github.com/Meetic/Shuffle,888,24,88,12215,6,88
14056672,https://github.com/quemb/QMBParallaxScrollViewController,889,35,124,20432,15,124
4776063,https://github.com/darcyclarke/Repo.js,889,22,92,217,16,92
57179587,https://github.com/somewacko/deconvfaces,899,38,141,1840,2,141
2500281,https://github.com/jaredhanson/locomotive,892,43,139,829,50,139
11597120,https://github.com/coreos/docs,879,109,548,7965,58,548
26488868,https://github.com/MakeZL/ZLPhotoLib,884,33,228,43339,31,228
7380060,https://github.com/stefanjauker/BadgeView,882,44,395,789,8,395
22297310,https://github.com/LukeDeighton/WheelView,882,54,271,3716,47,271
13125686,https://github.com/Differential/meteor-boilerplate,888,63,185,2585,26,185
32240995,https://github.com/paracycle/slackthemes,888,6,273,6591,89,273
23335980,https://github.com/sandywalker/webui-popover,889,53,241,4303,74,241
11072704,https://github.com/nhaarman/supertooltips,882,48,359,1187,19,359
52491391,https://github.com/dieforfree/qart4j,874,40,113,1168,0,113
1025176,https://github.com/lassebunk/gretel,893,10,110,333,16,110
9696392,https://github.com/TeehanLax/Upcoming,889,78,94,2966,6,94
11714782,https://github.com/paulmillr/exoskeleton,888,38,50,634,20,50
22425058,https://github.com/gorbin/ASNE,889,86,257,4428,61,257
198798,https://github.com/ushahidi/Ushahidi_Web,896,111,647,16124,258,647
9545808,https://github.com/brutella/chatheads,886,58,133,3957,9,133
23490974,https://github.com/jzau/awesome-ios-animation,894,59,157,12,0,157
9811759,https://github.com/DiscoverMeteor/Microscope,893,82,529,5750,26,529
68209459,https://github.com/CoXier/LowPoly,892,28,74,954,1,74
1413661,https://github.com/theleagueof/league-gothic,901,46,101,3819,6,101
75950377,https://github.com/actions-on-google/actions-on-google-nodejs,892,66,221,5474,101,221
26506779,https://github.com/fastlane-old/frameit,901,16,54,4283,0,54
28225310,https://github.com/StevenSLXie/Tutorials-for-Web-Developers,900,42,190,201,8,190
14704618,https://github.com/MichaelEvans/ColorArt,900,49,141,3711,9,141
26112237,https://github.com/fengsp/pencil,881,25,42,6173,33,42
28533377,https://github.com/erichoracek/Motif,885,17,63,8855,0,63
8134335,https://github.com/ryanflorence/ember-tools,880,43,84,1765,27,84
11738416,https://github.com/sromku/android-simple-facebook,882,81,353,3129,165,353
23054709,https://github.com/tigerguixh/QuickNews,885,84,543,14722,5,543
3240891,https://github.com/jeromegn/DocumentUp,888,18,92,1011,25,92
3140024,https://github.com/UrbanApps/UAModalPanel,887,40,140,994,10,140
1225273,https://github.com/TimCinel/ActionSheetPicker,882,17,996,8115,1,996
19812712,https://github.com/Rano1/TopNews,887,83,498,4490,2,498
81995571,https://github.com/imablanco/Zoomy,890,15,117,17373,22,117
51180883,https://github.com/lmatteis/peer-tweet,884,36,48,831,6,48
37325153,https://github.com/ritzyed/ritzy,892,24,62,1005,15,62
4353280,https://github.com/Maxwin-z/XListView-Android,877,75,589,755,15,589
179,https://github.com/drnic/ruby-on-rails-tmbundle,897,14,166,2337,28,166
148112976,https://github.com/nyoki-mtl/pytorch-EverybodyDanceNow,885,47,201,10477,12,201
27355877,https://github.com/marcwebbie/passpie,903,30,63,3727,7,63
101026248,https://github.com/Thinkmill/react-markings,890,7,38,74,0,38
27441508,https://github.com/OmniSharp/generator-aspnet,885,77,177,1846,0,177
7223698,https://github.com/aaditmshah/augment,874,25,39,37,0,39
32466541,https://github.com/naman14/MaterialPowerMenu,890,37,157,3190,6,157
4276357,https://github.com/facebookarchive/swift,886,135,320,5806,0,320
113078107,https://github.com/hindupuravinash/nips2017,896,80,203,544,0,203
5650661,https://github.com/davist11/jQuery-Stickem,877,60,186,302,24,186
33481913,https://github.com/jakevdp/sklearn_pycon2015,885,72,594,6113,5,594
56738003,https://github.com/SwiftGGTeam/Developing-iOS-9-Apps-with-Swift,882,101,128,1393,8,128
15835991,https://github.com/aspnet/Razor,882,145,244,15649,0,244
16377100,https://github.com/STRML/react-router-component,877,19,97,1845,48,97
1221789,https://github.com/zachleat/BigText,881,32,256,4046,36,256
6743327,https://github.com/kzk/unicorn-worker-killer,883,18,87,54,22,87
79429824,https://github.com/martin90s/ImagePicker,886,38,152,160,16,152
45019001,https://github.com/denandz/KeeFarce,892,79,131,996,4,131
135376,https://github.com/peritor/webistrano,884,39,261,9236,38,261
41886367,https://github.com/turi-code/SFrame,888,102,339,6099,66,339
19279488,https://github.com/traceglMPL/tracegl,883,31,58,332,10,58
29085003,https://github.com/xhzengAIB/PopMenu,898,25,210,1024,12,210
65465229,https://github.com/luojilab/radon-ui,901,63,130,10373,12,130
48053019,https://github.com/H07000223/FlycoLabelView,881,14,170,1836,4,170
23395167,https://github.com/jcavar/refresher,878,34,101,1178,12,101
343250,https://github.com/jboesch/Gritter,884,42,233,879,26,233
23095928,https://github.com/ReactiveX/RxScala,883,59,120,2020,2,120
7632767,https://github.com/twoscoops/django-twoscoops-project,871,75,357,1659,12,357
17161245,https://github.com/RobotsAndPencils/RPSlidingMenu,879,41,114,1644,6,114
51549635,https://github.com/SpencerCDixon/redux-cli,892,16,66,5589,26,66
10178606,https://github.com/Wolfr/clank,892,48,83,6246,21,83
13374647,https://github.com/turnbullpress/dockerbook-code,877,79,578,232,10,578
94123415,https://github.com/Boerworz/Gagat,882,15,31,927,0,31
52580823,https://github.com/jed/lave,891,12,35,54,8,35
6032589,https://github.com/pydio/pydio-core,887,87,302,229642,81,302
326802,https://github.com/tjake/Solandra,882,63,155,31776,59,155
48203678,https://github.com/ErikvdVen/php-gif,897,29,62,596,1,62
12201141,https://github.com/bipio-server/bipio,880,53,120,2520,19,120
18309508,https://github.com/markgoodyear/headhesive.js,883,30,162,383,10,162
44876935,https://github.com/pinterest/mysql_utils,876,73,143,319,1,143
41623348,https://github.com/fenjuly/ToggleExpandLayout,894,24,149,87,5,149
95598931,https://github.com/CVarisco/create-component-app,873,18,61,25475,10,61
953984,https://github.com/django-nonrel/mongodb-engine,861,46,219,2745,89,219
1574163,https://github.com/BorisMoore/jsviews,846,62,141,37877,1,141
14539434,https://github.com/scalyr/angular,855,50,201,288,12,201
73640355,https://github.com/marmelroy/ObjectiveKit,849,11,44,47,6,44
18439299,https://github.com/apiaryio/mson,862,56,182,307,24,182
1948497,https://github.com/Jinjiang/h5slides,858,112,288,3846,0,288
38281587,https://github.com/mikemintz/react-rethinkdb,866,26,54,142,14,54
28889353,https://github.com/dmarmor/epichrome,846,37,53,283851,33,53
45968932,https://github.com/node-tensorflow/node-tensorflow,864,74,79,99,12,79
42108798,https://github.com/pengjianbo/OkHttpFinal,856,71,290,8526,16,290
33409911,https://github.com/starkandwayne/concourse-tutorial,854,55,524,11541,24,524
19763084,https://github.com/ming1016/RSSRead,864,69,242,7562,8,242
97394872,https://github.com/websiddu/sketch-material,864,31,83,36283,28,83
82752878,https://github.com/Cuieney/kotlin-life,866,37,200,124338,9,200
8497273,https://github.com/58code/Argo,848,177,527,14399,14,527
4789337,https://github.com/oortcloud/meteorite,842,53,111,2140,46,111
865162,https://github.com/themattharris/tmhOAuth,866,75,348,1059,20,348
15371894,https://github.com/jspahrsummers/GroceryList,869,34,134,436,12,134
32929613,https://github.com/milankinen/livereactload,868,10,62,32272,13,62
41307741,https://github.com/graphql-elixir/graphql,859,36,46,640,13,46
2561496,https://github.com/iambus/youku-lixian,846,74,272,358,50,272
8204746,https://github.com/DavyJonesLocker/ember-validations,844,35,262,972,26,262
45002662,https://github.com/nickoneill/Pantry,845,18,57,139,16,57
10875626,https://github.com/clayallsopp/react.backbone,844,26,63,51,8,63
53593323,https://github.com/akserg/ng2-dnd,856,45,255,2403,196,255
62307157,https://github.com/Zepo/GYDataCenter,845,28,133,48,21,133
23773782,https://github.com/carlonzo/StikkyHeader,850,36,184,6717,14,184
2053461,https://github.com/jasondavies/science.js,873,45,100,1374,15,100
15928042,https://github.com/neumino/rethinkdbdash,856,26,110,1604,51,110
3807158,https://github.com/scottjehl/Device-Bugs,856,72,19,99,71,19
71069297,https://github.com/guerrerocarlos/CacheP2P,865,28,52,287,17,52
863732,https://github.com/nxtbgthng/OAuth2Client,860,45,221,544,83,221
4321062,https://github.com/lavoiesl/osx-cpu-temp,864,20,144,42,21,144
770961,https://github.com/HenrikJoreteg/ICanHaz.js,846,14,136,762,18,136
12869414,https://github.com/kimziv/PinYin4Objc,858,37,167,270,20,167
12708087,https://github.com/RuiAAPeres/UIViewController-Swizzled,861,27,138,72,0,138
55388635,https://github.com/kosinix/grafika,865,42,91,10728,22,91
1223928,https://github.com/phacility/libphutil,847,157,283,8825,0,283
53123506,https://github.com/YiuChoi/MicroReader,849,43,221,5135,12,221
16931558,https://github.com/Pixate/pixate-freestyle-ios,853,62,142,47087,122,142
61977353,https://github.com/kongnanlive/SideBar,870,25,150,493,2,150
65442044,https://github.com/youxin11544/MVP-RxJava-Hybride,858,57,260,158,8,260
11378510,https://github.com/IcaliaLabs/furatto,845,67,115,49304,7,115
3016789,https://github.com/LinkedInAttic/indextank-engine,846,47,119,3648,13,119
13430573,https://github.com/MarkMjw/PullScrollView,862,48,329,1486,9,329
100181,https://github.com/be9/acl9,856,21,112,283,6,112
5534485,https://github.com/higgsjs/Higgs,846,47,65,53798,16,65
50415500,https://github.com/microsoft/ace,850,86,165,3364,25,165
15586256,https://github.com/SublimeLinter/SublimeLinter-eslint,848,20,83,133,9,83
3806301,https://github.com/brunobar79/J-I-C,859,39,207,5546,19,207
7126325,https://github.com/btford/ngmin,870,22,47,692,2,47
8950858,https://github.com/ManuelPeinado/MultiChoiceAdapter,858,59,265,11822,11,265
409631,https://github.com/matburt/mobileorg-android,856,77,236,4591,109,236
680221,https://github.com/fitzgen/wu.js,865,17,37,4374,17,37
20923386,https://github.com/railsware/Sleipnir,849,39,53,1602,10,53
8787019,https://github.com/etsy/feature,861,67,69,53,4,69
7010430,https://github.com/wilwaldon/flatstrap,864,57,148,7866,0,148
6384774,https://github.com/shashankmehta/greyshade,848,46,167,1238,8,167
4619665,https://github.com/rob-brown/RBStoryboardLink,849,39,120,477,30,120
3288666,https://github.com/mayoff/uiimage-from-animated-gif,870,49,164,36,5,164
52512811,https://github.com/Zirkfied/ZFChart,866,27,183,704,83,183
18707202,https://github.com/gophercon/2014-talks,844,112,77,45698,2,77
19822659,https://github.com/tkadlec/grunt-perfbudget,862,40,43,56,15,43
23637042,https://github.com/guzzle/RingPHP,848,18,58,509,14,58
4103657,https://github.com/jimeh/tmuxifier,853,26,79,245,23,79
1219196,https://github.com/nicklockwood/iConsole,863,71,158,181,12,158
42030699,https://github.com/GordyD/3ree,857,32,105,128,6,105
39069374,https://github.com/gmertk/ParkedTextField,868,19,54,455,6,54
6025679,https://github.com/marcuswestin/WebViewProxy,864,36,124,240,3,124
64036832,https://github.com/lensesio/kafka-topics-ui,855,45,145,4625,11,145
15778981,https://github.com/eclipse-archived/smarthome,864,139,823,67215,475,823
14504472,https://github.com/hopsoft/docker-graphite-statsd,869,35,489,120,35,489
16015495,https://github.com/asystat/Final-Android-Resizer,848,47,309,2090,25,309
3130318,https://github.com/dmolsen/Detector,859,52,82,2582,20,82
49810275,https://github.com/alexellis/docker-arm,872,50,109,12655,10,109
52827979,https://github.com/fdansv/marginotes,868,22,52,12,4,52
4211443,https://github.com/pfefferle/openwebicons,843,65,157,8975,1,157
633412,https://github.com/vrana/notorm,862,66,166,758,42,166
1611799,https://github.com/andyedinborough/stress-css,869,26,50,912,5,50
27980281,https://github.com/euphoria-io/heim,869,45,50,17207,35,50
1430752,https://github.com/squ1b3r/Djaneiro,855,27,135,121,16,135
14064689,https://github.com/mttrb/BeaconOSX,856,53,114,232,2,114
7298286,https://github.com/peterbe/mincss,859,42,92,281,9,92
4467848,https://github.com/deanmao/node-chimera,852,39,46,242384,42,46
17099973,https://github.com/nnmware/devoops,867,113,430,4562,4,430
12832105,https://github.com/wklken/stackoverflow-py-top-qa,849,100,224,199,1,224
29953676,https://github.com/north2016/A-MusicView,859,34,230,7866,2,230
54377664,https://github.com/adamsilver/maintainablecss.com-jekyll,859,26,70,4757,2,70
9688680,https://github.com/stephenplusplus/grunt-wiredep,866,17,89,112,9,89
27579492,https://github.com/Rogero0o/MatchView,856,42,231,876,0,231
57455583,https://github.com/taion/react-router-scroll,844,7,68,1072,11,68
142342441,https://github.com/yyx990803/laravel-vue-cli-3,858,34,187,558,14,187
8913952,https://github.com/pilwon/ultimate-seed,862,66,181,5463,48,181
98907380,https://github.com/niorgai/Android-Resource-Usage-Count,864,21,48,87,8,48
40796389,https://github.com/beeware/voc,866,68,536,14845,90,536
14973890,https://github.com/JeremyEnglert/JointsWP,846,110,275,15473,23,275
9202136,https://github.com/observing/balancerbattle,863,54,68,62,11,68
1001312,https://github.com/philcryer/lipsync,855,18,59,352,11,59
138821020,https://github.com/eric612/MobileNet-YOLO,865,51,451,399598,145,451
5966205,https://github.com/felixge/faster-than-c,835,65,58,34449,1,58
14120695,https://github.com/Polymer/designer,835,156,309,1319,37,309
16059037,https://github.com/davej/angular-classy,823,33,27,7916,1,27
5107874,https://github.com/nst/STHTTPRequest,838,34,84,453,8,84
39320581,https://github.com/honghaoz/Ji,829,18,59,509,11,59
62480689,https://github.com/buckyroberts/React-Redux-Boilerplate,823,44,636,2313,19,636
50952349,https://github.com/500px/greedo-layout-for-ios,830,81,54,359,5,54
3001794,https://github.com/aurora/rmate,833,32,123,192,6,123
6002854,https://github.com/bomberstudios/sketch-commands,830,43,53,519,9,53
16015495,https://github.com/asystat/Final-Android-Resizer,848,47,309,2090,25,309
1617537,https://github.com/nathansmith/adapt,837,42,132,302,8,132
26286470,https://github.com/Telerik-Verified-Plugins/WKWebView,843,54,158,2340,102,158
4141808,https://github.com/chrisben/imgcache.js,820,44,216,467,66,216
9836903,https://github.com/JJSaccolo/UIActivityIndicator-for-SDWebImage,825,26,163,375,19,163
644207,https://github.com/wycats/jquery-offline,837,12,44,196,6,44
31026382,https://github.com/rounak/RJImageLoader,838,19,89,361,2,89
18831257,https://github.com/AlvaroFranco/AFSoundManager,820,32,137,7594,32,137
22447892,https://github.com/adamhajari/spyre,830,61,154,7005,13,154
2985945,https://github.com/igrigorik/bugspots,832,46,122,37,5,122
37810118,https://github.com/sourcey/materiallogindemo,840,78,654,111,10,654
64487171,https://github.com/aliab/circular-music-progressbar,836,23,116,632,3,116
18594555,https://github.com/kamilkp/angular-vs-repeat,823,24,239,1411,120,239
583762,https://github.com/mde/timezone-js,827,34,192,243,4,192
28986245,https://github.com/thoughtbot/Runes,827,48,66,252,3,66
53072850,https://github.com/openai/kubernetes-ec2-autoscaler,835,158,149,561,0,149
33994703,https://github.com/johnlui/SwiftNotice,833,22,145,1061,9,145
4848634,https://github.com/chrisbanes/Android-BitmapCache,834,62,226,1302,25,226
89101123,https://github.com/Te-k/flexidie,820,89,767,203119,0,767
18312641,https://github.com/jyapayne/Web2Executable,836,60,93,32418,18,93
17609609,https://github.com/usrbinnc/netcat-cpi-kernel-module,841,41,59,93850,11,59
58711478,https://github.com/psolom/RichFilemanager,844,70,238,14727,72,238
71809982,https://github.com/googlearchive/cloud-functions-emulator,831,40,132,2740,95,132
4789337,https://github.com/oortcloud/meteorite,842,53,111,2140,46,111
700110,https://github.com/Seldaek/slippy,821,27,54,236,3,54
704337,https://github.com/pubnub/pubnub-api,823,104,301,237755,0,301
12572508,https://github.com/chrishunt/git-pissed,840,24,18,598,0,18
31233090,https://github.com/facebookarchive/IGInterfaceDataTable,838,34,60,662,9,60
47777190,https://github.com/delba/Log,820,12,61,269,4,61
26237546,https://github.com/cwRichardKim/RKCardView,829,38,75,257,2,75
1864306,https://github.com/haqu/tiny-wings,822,63,175,2328,1,175
1237131,https://github.com/jneen/balls,824,27,41,1079,5,41
16424162,https://github.com/jxnblk/geomicons-open,840,25,47,409,0,47
27014884,https://github.com/johnpapa/generator-hottowel,841,61,231,357,17,231
30937302,https://github.com/msavin/Mongol-meteor-explore-minimongo-devtools,839,25,39,21116,3,39
3051005,https://github.com/heygrady/scss-blend-modes,819,65,129,35,4,129
7587268,https://github.com/webpro/dyson,832,20,66,1083,6,66
122773629,https://github.com/asfktz/Awaity.js,825,21,26,3348,2,26
5534485,https://github.com/higgsjs/Higgs,846,47,65,53798,16,65
4351782,https://github.com/tciuro/NoticeView,827,57,142,1730,14,142
28118640,https://github.com/lunny/tango,835,75,106,367,9,106
25144435,https://github.com/ChrisRenke/DrawerArrowDrawable,829,31,171,2307,13,171
496733,https://github.com/croogo/croogo,825,81,315,17325,74,315
57455583,https://github.com/taion/react-router-scroll,844,7,68,1072,11,68
14266433,https://github.com/krakjoe/phpdbg,842,59,62,7134,31,62
4211443,https://github.com/pfefferle/openwebicons,843,65,157,8975,1,157
24480,https://github.com/seaofclouds/tweet,839,42,225,557,7,225
73671013,https://github.com/iview/iview-project,842,46,404,244,66,404
229732,https://github.com/joshaven/string_score,836,16,69,220,6,69
8284912,https://github.com/yzprofile/ngx_http_dyups_module,838,68,189,428,38,189
327697,https://github.com/asual/jquery-address,823,35,190,7557,80,190
3812479,https://github.com/cozy/cozy-setup,822,60,64,6115,4,64
12650365,https://github.com/yaronn/GifW00t,821,16,42,13953,7,42
2171477,https://github.com/dwilkie/carrierwave_direct,841,14,186,348,20,186
8204746,https://github.com/DavyJonesLocker/ember-validations,844,35,262,972,26,262
16526096,https://github.com/rockbot/node-for-beginners,824,62,133,26,5,133
59487463,https://github.com/abalone0204/Clairvoyance,839,76,91,482,26,91
70075851,https://github.com/mrkn/pycall.rb,837,40,56,2308,44,56
5987523,https://github.com/JacksonTian/doxmate,835,66,210,1544,4,210
14958024,https://github.com/etsy/MIDAS,839,130,159,366,1,159
84098883,https://github.com/bufferapp/AdaptableBottomNavigation,842,20,78,14185,6,78
18314563,https://github.com/fortinmike/XcodeBoost,830,33,87,13841,19,87
6300898,https://github.com/rnystrom/RNBlurModalView,837,50,145,488,33,145
61352415,https://github.com/JeasonWong/BezierLoadingView,829,25,112,103,4,112
4659467,https://github.com/goodybag/bootstrap-notify,835,76,237,313,24,237
36555360,https://github.com/swissonid/android-design-support-lib-sample,821,48,124,6301,4,124
26683475,https://github.com/sockeye44/instavpn,840,38,125,195,0,125
1458537,https://github.com/jeromeetienne/microevent.js,830,20,141,220,26,141
43947238,https://github.com/TUBB/SwipeMenu,816,26,132,25689,9,132
793799,https://github.com/MarioRicalde/SCSS.tmbundle,842,36,112,1177,49,112
88023455,https://github.com/ZhuFaner/shadowsocks-manage-system,821,42,219,6808,7,219
23456411,https://github.com/yogiben/meteor-admin,833,57,271,990,172,271
14647739,https://github.com/Reactive-Extensions/rx.angular.js,834,38,95,781,33,95
20174993,https://github.com/mapmeld/gitjk,825,12,13,53,6,13
54380777,https://github.com/AzimoLabs/AndroidKeyboardWatcher,843,32,131,203,8,131
32076114,https://github.com/linroid/FilterMenu,827,23,142,3110,6,142
8368009,https://github.com/nvk/sketch-ios,840,69,97,73081,1,97
16532741,https://github.com/dfmuir/KINWebBrowser,843,28,172,161,30,172
67473295,https://github.com/insidegui/AppleEvents,827,25,36,84236,5,36
15887402,https://github.com/angular/di.js,826,62,99,1673,40,99
37527182,https://github.com/JefferyWang/nativeShare.js,823,63,323,43,19,323
48678395,https://github.com/w446108264/ScrollableLayout,827,22,180,38368,14,180
4208883,https://github.com/ryhan/fixie,838,10,49,260,8,49
62307157,https://github.com/Zepo/GYDataCenter,845,28,133,48,21,133
10849013,https://github.com/erica/iOS-7-Cookbook,834,76,226,14601,2,226
139401854,https://github.com/alex-saunders/glicky,833,11,28,9095,39,28
6915822,https://github.com/jonreid/XcodeCoverage,842,30,323,539,3,323
311527,https://github.com/imathis/fancy-buttons,827,14,61,2146,10,61
4173953,https://github.com/dominictarr/crdt,831,36,51,1097,12,51
68956299,https://github.com/oubowu/SlideBack,825,23,85,4882,6,85
14403638,https://github.com/lmcd/LMAlertView,805,39,128,809,36,128
301504,https://github.com/zac/iphonearkit,810,35,258,240,10,258
17735839,https://github.com/catberry/catberry,798,38,41,2881,7,41
44476938,https://github.com/yixiaolunhui/LoopRotarySwitch,798,17,146,8179,4,146
10521108,https://github.com/iccfish/12306_ticket_helper,810,117,365,3719,2,365
20613327,https://github.com/Sefford/CircularProgressDrawable,801,41,209,12176,4,209
20264580,https://github.com/rauchg/chat-example,797,55,1878,3,30,1878
7756449,https://github.com/baasbox/baasbox,802,84,162,44851,140,162
43203362,https://github.com/muupan/deep-reinforcement-learning-papers,815,114,190,53,1,190
386680,https://github.com/louisremi/jquery-smartresize,794,45,126,248,10,126
63688243,https://github.com/mcmatan/ImageOpenTransition,811,15,40,490,3,40
48797193,https://github.com/producthunt/chai-enzyme,793,48,78,138,39,78
3553108,https://github.com/danielfarrell/bootstrap-combobox,801,42,340,272,101,340
18967228,https://github.com/alssndro/sandros-sketch-plugins,805,46,21,1293,7,21
6969534,https://github.com/EragonJ/Trip.js,796,26,110,7218,31,110
47512659,https://github.com/molybdenum-99/reality,809,25,49,5865,18,49
943842,https://github.com/Split82/HMGLTransitions,803,32,113,1341,14,113
49867709,https://github.com/Teamweek/instadate,809,24,31,39,0,31
9276099,https://github.com/sindresorhus/grunt-concurrent,804,18,71,122,1,71
224803,https://github.com/neror/ftutils,816,24,107,1979,4,107
23719473,https://github.com/LeoNatan/LNNotificationsUI,800,29,120,21168,0,120
39748713,https://github.com/MattVitelli/GRUV,799,47,168,3022,28,168
46046796,https://github.com/androidmalin/RxjavaSample,803,36,157,88161,2,157
13790555,https://github.com/Addepar/ember-charts,796,160,139,13919,30,139
51315170,https://github.com/e2email-org/e2email,812,87,63,4816,21,63
30166546,https://github.com/joshaber/SwiftBox,811,18,58,111,6,58
8996158,https://github.com/websymphony/almost-flat-ui,789,57,132,1768,2,132
2726346,https://github.com/git-deploy/git-deploy,808,61,62,738,20,62
32639152,https://github.com/mafintosh/airpaste,794,24,27,12,4,27
12579903,https://github.com/jawerty/Hyro,809,47,103,145684,14,103
502867,https://github.com/wsdl2phpgenerator/wsdl2phpgenerator,795,38,304,3646,114,304
8395980,https://github.com/johnkil/Android-ProgressFragment,814,49,226,2596,6,226
60216473,https://github.com/ericoporto/fgmk,814,33,46,77030,8,46
82255164,https://github.com/Thinkmill/react-conf-app,809,52,85,15728,3,85
261537,https://github.com/bengottlieb/Twitter-OAuth-iPhone,794,28,163,2304,60,163
20307855,https://github.com/fastred/SloppySwiper,808,28,108,194,14,108
19220129,https://github.com/rev087/ng-inspector,790,28,103,9699,70,103
117490,https://github.com/bauhouse/fluid960gs,791,21,110,216,9,110
1588357,https://github.com/mapbox/Fingertips,801,115,93,3301,10,93
13083053,https://github.com/daimajia/EverMemo,789,55,270,3542,5,270
14332199,https://github.com/yanunon/NeteaseCloudMusic,797,48,161,305,8,161
5405776,https://github.com/jasonmoo/t.js,815,73,87,170,8,87
59538658,https://github.com/newtools/zsocket,814,31,71,93,8,71
36458663,https://github.com/digitalocean/do_user_scripts,804,101,242,104,23,242
13079109,https://github.com/kevinastone/django-api-rest-and-angular,811,53,300,1185,0,300
6203164,https://github.com/suprb/Grid-A-Licious,813,84,211,225,23,211
33204,https://github.com/AlanQuatermain/aqtoolkit,793,48,152,703,16,152
9539222,https://github.com/nDmitry/grunt-autoprefixer,804,22,65,146,11,65
701945,https://github.com/gabrielelanaro/emacs-for-python,807,65,159,9770,24,159
15985153,https://github.com/CouscousPHP/Couscous,815,32,103,25644,48,103
63301288,https://github.com/dingding3w/DHGuidePageHUD,810,21,149,24303,15,149
10616272,https://github.com/thunder-project/thunder,809,102,186,73753,87,186
10250823,https://github.com/siddii/angular-timer,804,25,965,39205,178,965
31873712,https://github.com/lipiji/App-DL,793,112,469,216,0,469
93882689,https://github.com/jeffreybergier/Blog-Getting-Started-with-Vision,795,31,54,9336,3,54
27985695,https://github.com/kevinzhow/Waver,796,20,115,207,9,115
22912441,https://github.com/sektioneins/pcc,797,61,145,511,5,145
5471662,https://github.com/richardghirst/PiBits,804,92,555,414,49,555
12975625,https://github.com/sgryschuk/SGNavigationProgress,806,32,88,442,10,88
30983690,https://github.com/bosnadev/repository,808,61,228,118,50,228
82751879,https://github.com/meili/Aceso,792,37,123,341,2,123
47671209,https://github.com/Rejectedus/rejected.us,802,17,83,19929,94,83
32095357,https://github.com/vsch/idea-multimarkdown,805,33,131,5202228,128,131
7250511,https://github.com/ajoslin/angular-mobile-nav,790,59,142,982,20,142
2447530,https://github.com/ryanve/response.js,809,45,130,469,26,130
23110742,https://github.com/Dobiasd/programming-language-subreddits-and-their-choice-of-words,804,26,26,3304,0,26
5689854,https://github.com/mattt/SkyLab,792,33,43,43,0,43
98690441,https://github.com/projectriff/riff,799,40,70,74693,0,70
456631,https://github.com/rmagick-temp/rmagick,798,20,107,10796,84,107
7870019,https://github.com/gabrielemariotti/androiddev,809,102,562,5951,4,562
11669083,https://github.com/facebookarchive/react-page,798,50,81,785,18,81
25240722,https://github.com/AcalephStorage/consul-alerts,817,54,189,927,91,189
74566572,https://github.com/plu/pxctest,803,24,61,1430,21,61
12688059,https://github.com/UrbanApps/UAAppReviewManager,812,24,119,716,9,119
27756767,https://github.com/keithamus/npm-scripts-example,797,33,98,30,5,98
43706734,https://github.com/pyskell/slouchy,801,22,45,4801,5,45
9695954,https://github.com/ternjs/tern_for_sublime,813,17,62,99,43,62
6539803,https://github.com/modocache/MDCParallaxView,802,41,75,524,2,75
118000996,https://github.com/RohitAwate/Everest,804,40,100,1071,9,100
53809858,https://github.com/candelibas/awesome-ionic,818,78,185,76,2,185
2867846,https://github.com/Cocoanetics/DTFoundation,799,40,234,3185,2,234
44694794,https://github.com/kobolog/gorb,793,53,82,24436,3,82
77928975,https://github.com/lifadev/archive_aws-lambda-go-shim,798,32,67,604,1,67
265935,https://github.com/mdirolf/nginx-gridfs,799,40,149,204,54,149
45625349,https://github.com/SergioChan/SCTrelloNavigation,806,22,101,4027,3,101
35706498,https://github.com/ikesyo/Himotoki,800,25,50,377,3,50
23448172,https://github.com/isair/JSONHelper,792,26,68,286,8,68
564730,https://github.com/rs/SDURLCache,807,39,254,59,21,254
2942843,https://github.com/LeaVerou/dabblet,797,23,149,354,57,149
63135358,https://github.com/walmartlabs/react-ssr-optimization,813,37,51,696,4,51
22533596,https://github.com/carpedm20/LINE,795,84,199,4266,98,199
6881071,https://github.com/InQBarna/TableFixHeaders,803,42,305,1179,59,305
10571816,https://github.com/goshacmd/nsa_panel,803,21,43,2836,1,43
38240694,https://github.com/meiwin/NgKeyboardTracker,813,30,84,8052,0,84
90093838,https://github.com/kawoou/FlexibleImage,810,16,48,2161,1,48
30095459,https://github.com/codahale/sneaker,809,27,34,673,4,34
29083769,https://github.com/rckclmbr/pyportify,793,20,63,1021,35,63
1934789,https://github.com/maxtaco/tamejs,807,17,44,1112,21,44
16406153,https://github.com/plivo/voicechat,815,47,146,1577,9,146
5118869,https://github.com/binux/ThunderLixianExporter,765,63,157,455,14,157
83693048,https://github.com/florent37/Depth,789,26,95,11362,1,95
54993813,https://github.com/devlucky/Kakapo,772,18,43,2061,21,43
22605051,https://github.com/trustly/bankapi,784,53,66,1265,0,66
34227243,https://github.com/thabti/react-native-css,777,26,72,261,12,72
21943998,https://github.com/fehmicansaglam/progressed.io,781,19,191,29,8,191
4814770,https://github.com/btford/angular-socket-io-seed,775,52,191,4420,7,191
21379996,https://github.com/zrm/snow,778,31,29,642,7,29
2029395,https://github.com/sergi/jsftp,788,16,167,701,54,167
52464952,https://github.com/tj/react-click-outside,779,8,84,22,18,84
818082,https://github.com/twitter-archive/ostrich,775,193,97,3708,0,97
90448051,https://github.com/olddonkey/ShadowImageView,790,8,46,18601,0,46
10108151,https://github.com/usablica/label.css,774,36,51,977,0,51
1787925,https://github.com/fredwu/angel_nest,779,37,186,442,8,186
2959627,https://github.com/flaviusmatis/simplePagination.js,782,53,405,169,41,405
117490,https://github.com/bauhouse/fluid960gs,791,21,110,216,9,110
5473917,https://github.com/nategood/commando,790,20,79,184,38,79
952058,https://github.com/mozilla/chromeless,773,26,125,5991,0,125
78888140,https://github.com/MiCottOn/DejaVue,785,27,47,2797,12,47
70704289,https://github.com/nilboy/tensorflow-yolo,782,30,332,110,46,332
25897383,https://github.com/FirebaseExtended/firebase-queue,786,73,108,292,27,108
2476855,https://github.com/jamesarosen/ember-i18n,776,49,190,1702,0,190
48774434,https://github.com/SummitRoute/osxlockdown,780,52,55,1230,38,55
81419358,https://github.com/alexgreene/WikiQuiz,784,12,59,45,3,59
2669830,https://github.com/the-teacher/the_role,774,33,78,933,7,78
5607969,https://github.com/andrewrk/naught,776,29,73,808,34,73
63716792,https://github.com/a-voyager/ScrollNumber,774,15,116,599,4,116
44709583,https://github.com/macournoyer/neuralconvo,775,74,356,91,26,356
34189655,https://github.com/loganwright/Genome,776,27,63,2348,15,63
44621984,https://github.com/lisawray/fontbinding,778,22,60,2686,0,60
5747537,https://github.com/tmm1/rblineprof,768,22,39,111,6,39
10106723,https://github.com/bomberstudios/sketch-framer,775,51,67,5576,6,67
24819068,https://github.com/rezoner/unfinished-asteroids,786,62,130,2910,0,130
2041275,https://github.com/jamescryer/grumble.js,779,34,170,4923,1,170
41263237,https://github.com/andrewhathaway/Winterfell,786,28,125,1391,25,125
63243845,https://github.com/HotBitmapGG/RingProgressBar,783,19,152,1572,7,152
1973023,https://github.com/jublo/codebird-php,787,67,243,1374,29,243
670034,https://github.com/monkeecreate/jquery.simpleWeather,785,52,148,452,0,148
22308784,https://github.com/DenTelezhkin/Shapes,790,18,52,2482,0,52
1478016,https://github.com/amber-smalltalk/amber,786,64,128,55120,73,128
24653948,https://github.com/brisket/brisket,784,50,67,1156,8,67
25437271,https://github.com/asciimoo/cssplot,779,31,49,517,7,49
2434566,https://github.com/ZaBlanc/RaptureXML,780,32,120,263,25,120
36217585,https://github.com/wangjiegulu/ShadowViewHelper,781,28,146,241,8,146
96546667,https://github.com/sruda/steroidesign,780,33,37,1696,1,37
48058682,https://github.com/fastlane-old/screengrab,784,38,55,2649,0,55
80893792,https://github.com/afollestad/ason,768,26,66,316,4,66
26261392,https://github.com/ellekasai/purplecoat.js,772,13,32,71,0,32
93531632,https://github.com/Kelin-Hong/TranslucentBar,783,11,63,15470,0,63
11521442,https://github.com/ingydotnet/git-hub,776,29,65,1449,83,65
74213694,https://github.com/threepointone/markdown-in-js,783,9,38,447,20,38
45581111,https://github.com/rachelnicole/robokitty,771,27,33,5064,8,33
15330613,https://github.com/elm-lang/elm-platform,774,61,130,19694,9,130
88277287,https://github.com/ericvicenti/intro-to-react,773,20,73,10064,5,73
61846743,https://github.com/fpg1503/MakeXcodeGr8Again,775,31,49,6858,9,49
22582229,https://github.com/Alecrim/AlecrimCoreData,784,26,102,15487,7,102
7250511,https://github.com/ajoslin/angular-mobile-nav,790,59,142,982,20,142
47446257,https://github.com/iThinkerYZ/YZDisplayViewController,774,30,182,443,20,182
13083053,https://github.com/daimajia/EverMemo,789,55,270,3542,5,270
25756353,https://github.com/geekcompany/full-stack-tree,787,77,291,3182,2,291
40619314,https://github.com/NOtherDev/whatwebcando,788,32,59,14625,16,59
141951821,https://github.com/zotroneneis/magical_universe,791,51,57,3228,0,57
56832810,https://github.com/nareix/mama-hd,772,28,48,8142,12,48
51260,https://github.com/tzuryby/jquery.hotkeys,785,30,672,556,39,672
9155839,https://github.com/techpines/bone.io,771,41,50,894,7,50
48438972,https://github.com/davideast/firebase-react-native-sample,772,20,135,281,16,135
39992228,https://github.com/skizzehq/skizze,778,41,64,812,8,64
3657920,https://github.com/soundasleep/jquery-dropdown,774,50,277,94,14,277
22568728,https://github.com/kiibohd/controller,797,69,283,39020,148,283
4493652,https://github.com/yeoman/yeoman.io,784,59,392,49136,19,392
1026449,https://github.com/gdeer81/marginalia,778,25,78,10898,54,78
14869593,https://github.com/gulp-community/gulp-livereload,776,18,73,93,30,73
6197300,https://github.com/ralyodio/node-startup,787,30,175,42,10,175
4236604,https://github.com/max-favilli/tagmanager,782,44,244,212,71,244
33154212,https://github.com/xolvio/chimp,789,27,143,5228,29,143
8996158,https://github.com/websymphony/almost-flat-ui,789,57,132,1768,2,132
2981935,https://github.com/droidparts/droidparts,782,75,219,14767,2,219
77681458,https://github.com/pcbje/ggraph,783,23,59,43,0,59
43246154,https://github.com/arn00s/cariocamenu,785,21,57,6919,1,57
19220129,https://github.com/rev087/ng-inspector,790,28,103,9699,70,103
20069952,https://github.com/ustream/openduty,780,76,187,573,35,187
41832897,https://github.com/gaearon/react-transform-hmr,786,11,56,23,7,56
136474968,https://github.com/kiranz/just-api,790,20,37,1856,15,37
74668732,https://github.com/workco/marvin,778,48,191,3677,0,191
63930783,https://github.com/irfansharif/cfilter,773,20,38,21,0,38
17725723,https://github.com/uber-archive/npm-shrinkwrap,783,2275,61,138,47,61
5691343,https://github.com/natefaubion/matches.js,777,44,36,321,1,36
8643683,https://github.com/MatthewYork/iPhone-IntroductionTutorial,778,55,122,1179,6,122
36414841,https://github.com/joeferraro/react-native-cookies,790,20,324,117,85,324
18849552,https://github.com/robdmc/pandashells,788,29,28,1522,10,28
42482571,https://github.com/thomasfinch/GammaThingy,774,32,98,1173,21,98
41909243,https://github.com/kennylevinsen/sshmuxd,786,31,51,36,3,51
54117044,https://github.com/codingZero/XRCarouselView,785,24,174,4042,21,174
6870619,https://github.com/ktamas77/firebase-php,784,46,222,66,19,222
710939,https://github.com/thegrubbsian/jquery.ganttView,775,61,355,269,27,355
19679590,https://github.com/c9s/r3,782,29,89,1502,30,89
23180531,https://github.com/yocontra/windows_98.css,784,25,34,106,2,34
8840041,https://github.com/johnkil/Android-RobotoTextView,787,41,117,11963,2,117
78554553,https://github.com/Chuibility/inspinia,781,84,793,79888,1,793
22658327,https://github.com/f/delorean,749,28,40,1779,14,40
67177540,https://github.com/apple/swift-protobuf-plugin,759,32,31,929,0,31
85413409,https://github.com/RocketsChen/CDDStore,751,24,259,18092,2,259
8473804,https://github.com/kevingibbon/KGStatusBar,758,30,102,97,10,102
20506814,https://github.com/Rano1/Interactive-animation,750,79,280,63,0,280
22725908,https://github.com/facebookarchive/f8DeveloperConferenceApp,762,94,224,21879,6,224
1060246,https://github.com/alexyoung/nodepad,752,41,184,271,6,184
4135293,https://github.com/applidium/ADLivelyTableView,752,36,105,133,6,105
526114,https://github.com/openid/php-openid,753,66,267,2711,48,267
51095439,https://github.com/daylerees/scientist,760,31,39,104,4,39
47348757,https://github.com/inikulin/publish-please,751,7,35,3386,6,35
21741862,https://github.com/sequenceiq/docker-spark,767,65,293,55,28,293
12014953,https://github.com/paulstraw/FancySelect,764,32,174,108,37,174
2534995,https://github.com/ripienaar/gdash,763,35,121,659,28,121
51327024,https://github.com/ampproject/amp-by-example,758,90,532,241014,205,532
18303148,https://github.com/Vestorly/torii,762,15,200,3508,111,200
24500834,https://github.com/norbsoft/android-typeface-helper,757,35,170,1164,5,170
74315945,https://github.com/ThoughtWorksInc/DeepLearning.scala,761,77,90,8278,33,90
13733351,https://github.com/triketora/women-in-software-eng,755,88,302,447,2,302
39747886,https://github.com/leerduo/InterviewQuestion,749,61,163,36,0,163
109512938,https://github.com/openfaas/openfaas-cloud,754,26,239,32958,37,239
15570,https://github.com/ryanb/railscasts,759,22,179,825,31,179
1268774,https://github.com/weightshift/The-Personal-Page,751,55,276,1248,10,276
33714370,https://github.com/ZhaoKaiQiang/JianDan,766,42,307,2889,6,307
20612157,https://github.com/martijnwalraven/meteor-ios,748,52,82,2831,68,82
42337100,https://github.com/csstools/postcss-write-svg,755,13,31,84,5,31
22748128,https://github.com/alecthomas/jsonschema,753,17,133,249,22,133
23317685,https://github.com/ctf0/Seti_ST3,766,27,154,5454,1,154
51986268,https://github.com/laurenwaller/cssco,764,30,34,4773,5,34
62937585,https://github.com/icarusion/vue-vueRouter-webpack,755,54,174,56,4,174
12987612,https://github.com/dropbox/changes,764,54,64,22349,11,64
4736141,https://github.com/hiravgandhi/angularjs-rails,766,28,121,12721,6,121
27332886,https://github.com/hboregio/BabushkaText,754,28,82,1431,7,82
50841419,https://github.com/Accenture/adop-docker-compose,766,80,593,679,42,593
58943503,https://github.com/yannickl/AwaitKit,752,15,58,274,17,58
8079423,https://github.com/cferdinandi/kraken,756,61,78,2628,3,78
19893847,https://github.com/Xeoncross/jr,760,23,41,55,20,41
47492624,https://github.com/jvandemo/generator-angular2-library,757,36,127,279,86,127
113365,https://github.com/NUBIC/surveyor,753,38,281,6763,77,281
26420764,https://github.com/powy1993/fullpage,746,43,275,539,5,275
20381079,https://github.com/raganwald/presentations,756,14,61,547913,3,61
5536558,https://github.com/ttscoff/Slogger,767,82,170,1080,122,170
1279680,https://github.com/nodester/nodester,763,35,123,117928,17,123
3781859,https://github.com/shawnbot/aight,755,31,102,1401,6,102
114791,https://github.com/datamapper/dm-core,758,26,155,14912,101,155
5163525,https://github.com/eldarion/eldarion-ajax,763,89,157,211,28,157
3812675,https://github.com/LinkedInAttic/LIExposeController,748,31,107,554,6,107
59299517,https://github.com/Cleveroad/LoopBar,750,38,146,1339,7,146
9961517,https://github.com/kyledrake/coinpunk,767,97,273,33643,62,273
1813466,https://github.com/fasterthanlime/jsmad,766,12,44,34428,7,44
12837929,https://github.com/makaroni4/sandi_meter,750,24,38,764,10,38
12859831,https://github.com/ryanolsonk/LLDB-QuickLook,765,30,29,269,6,29
42048804,https://github.com/microsoft/Multiverso,769,99,236,7145,16,236
25058377,https://github.com/benjycui/introrx-chinese-edition,771,47,64,306,0,64
15199188,https://github.com/randdusing/cordova-plugin-bluetoothle,768,54,342,10621,225,342
82662200,https://github.com/space10-community/the-growroom,766,147,148,10054,10,148
19045540,https://github.com/wikichen/sketch-android-kit,749,76,58,16022,0,58
15480936,https://github.com/googlearchive/flashlight,760,76,167,94,46,167
39073782,https://github.com/Vaberer/Font-Awesome-Swift,751,28,127,839,18,127
1024935,https://github.com/mwaylabs/The-M-Project,749,46,158,17455,53,158
69511580,https://github.com/zhreshold/mxnet-ssd,765,50,349,6329,94,349
58718681,https://github.com/Orbiter/h4xx0r,752,2,0,2,0,0
52688535,https://github.com/Shinao/SmartMirror,752,34,76,9276,1,76
9728643,https://github.com/blazsolar/FlowLayout,757,39,151,1464,22,151
30238090,https://github.com/UnderwaterApps/overlap2d,768,76,223,13127,147,223
37110825,https://github.com/ekanite/ekanite,761,34,65,516,19,65
488856,https://github.com/raycmorgan/Mu,750,19,88,188,18,88
72215020,https://github.com/ptmt/react-native-touchbar,757,17,27,8,4,27
46279522,https://github.com/Orbiter/android_processing_boilerplate,759,3,1,563,1,1
54826229,https://github.com/paucarre/tiefvision,753,48,192,27760,22,192
101499621,https://github.com/parrt/lolviz,767,21,43,3031,5,43
78473918,https://github.com/eddyerburgh/avoriaz,767,10,63,1494,44,63
24482083,https://github.com/mogutt/TTAndroidClient,750,138,290,5285,57,290
1174883,https://github.com/disqus/gargoyle,751,51,112,619,35,112
25712211,https://github.com/cloudfoundry-attic/lattice-release,748,89,106,25184,0,106
20882417,https://github.com/etsy/opsweekly,754,51,104,3191,19,104
2535404,https://github.com/Paratron/SimpLESS,753,37,94,1818,5,94
6668,https://github.com/dchelimsky/rspec-rails,763,8,78,17022,1,78
126806687,https://github.com/ZJULearning/pixel_link,768,34,261,431,110,261
27313647,https://github.com/athyuttamre/tab-snooze,764,39,36,1595,15,36
953730,https://github.com/danielmahal/Rumpetroll,768,44,168,275,8,168
46536356,https://github.com/djchie/react-native-star-rating,758,13,175,1810,50,175
12081804,https://github.com/peachananr/simple-text-rotator,755,37,263,20,31,263
46960320,https://github.com/lfkdsk/JustWeEngine,767,31,114,1482,6,114
96935397,https://github.com/facebookresearch/FaderNetworks,751,28,117,7356,10,117
48010047,https://github.com/binaryage/dirac,756,20,33,248406,16,33
21405570,https://github.com/karpathy/tsnejs,762,30,152,14,8,152
18008198,https://github.com/jpardogo/FlabbyListView,763,44,149,5369,5,149
21170833,https://github.com/mangui/flashls,761,100,272,133847,171,272
93938955,https://github.com/Otbivnoe/CodableAlamofire,751,18,56,113,2,56
56981511,https://github.com/woliveiras/front-end-career,766,121,101,404,2,101
30602838,https://github.com/Orbiter/OpenWebIndex,746,5,1,151,0,1
130887023,https://github.com/HelloElephant/Parade,765,21,43,29049,1,43
70886240,https://github.com/dalu93/Each,766,14,30,55,3,30
37975166,https://github.com/RicterZ/genpAss,759,24,240,195,6,240
16084284,https://github.com/andreamazz/AMTagListView,766,16,117,2399,9,117
54291794,https://github.com/celrenheit/lion,751,29,38,771,2,38
53160128,https://github.com/databricks/tensorframes,761,74,165,1831,55,165
13105060,https://github.com/raganwald/javascript-allonge,754,24,142,32783,46,142
